Epsilon,Accuracy
0.1,0.02449468085106383
0.5,0.02178191489361702
1.0,0.1384485815602837
5.0,0.5833687943262411
10.0,0.634450354609929
