Epsilon,Accuracy
0.1,0.8021276595744681
0.5,0.8021276595744681
1.0,0.8021276595744681
5.0,0.8021276595744681
10.0,0.8021276595744681
