Round,Accuracy
1,0.41510638297872343
2,0.5369946808510638
3,0.5799202127659574
4,0.6039804964539007
5,0.620886524822695
6,0.633927304964539
7,0.6438918439716312
8,0.6522074468085106
9,0.6588918439716313
10,0.6649734042553191
