Epsilon,Accuracy
0.1,0.024113475177304965
0.5,0.02925531914893617
1.0,0.09209219858156029
5.0,0.5315336879432624
10.0,0.6418173758865249
