Epsilon,Accuracy
0.5,0.707246875
1.0,0.707246875
2.0,0.707246875
3.0,0.707246875
5.0,0.707246875
7.5,0.707246875
10.0,0.707246875
